교사,경력,성찰사전1,성찰사전2,성찰사전3,성찰사전4,성찰사전5,성찰사전6,성찰사후1,성찰사후2,성찰사후3,성찰사후4,성찰사후5,성찰사후6,협력사전1,협력사전2,협력사전3,협력사전4,협력사전5,협력사후1,협력사후2,협력사후3,협력사후4,협력사후5,성찰사전,성찰사후,협력사전,협력사후,공개참관횟수,성찰변화
T01,초임,3,3,4,3,4,3,4,4,4,4,4,4,3,4,4,2,3,4,4,5,4,3,3.333,4.0,3.2,4.0,5,0.667
T02,초임,3,3,3,3,3,4,3,3,3,4,3,4,2,2,3,3,3,4,4,4,3,4,3.167,3.333,2.6,3.8,4,0.166
T03,초임,3,3,3,3,3,3,4,4,4,5,4,5,3,3,3,3,3,4,4,5,5,5,3.0,4.333,3.0,4.6,7,1.333
T04,초임,3,3,2,4,3,4,5,4,5,4,4,5,4,3,3,2,4,5,5,5,5,5,3.167,4.5,3.2,5.0,5,1.333
T05,초임,4,3,3,3,4,3,4,4,5,4,4,5,4,4,3,3,4,4,4,5,5,4,3.333,4.333,3.6,4.4,5,1.0
T06,초임,4,5,4,4,5,4,5,5,5,5,5,5,4,5,4,4,3,5,5,5,5,5,4.333,5.0,4.0,5.0,3,0.667
T07,초임,3,2,3,2,2,2,4,5,4,4,5,4,3,3,3,3,4,4,5,4,4,4,2.333,4.333,3.2,4.2,5,2.0
T08,초임,2,2,2,2,2,3,2,3,2,3,3,3,2,3,1,1,2,3,3,2,3,4,2.167,2.667,1.8,3.0,3,0.5
T09,초임,4,3,5,4,4,3,4,4,5,4,5,5,4,3,4,4,4,4,4,5,5,4,3.833,4.5,3.8,4.4,6,0.667
T10,중견,4,2,3,4,4,3,4,3,3,2,3,3,3,3,4,2,3,3,3,4,5,3,3.333,3.0,3.0,3.6,5,-0.333
T11,중견,4,3,3,5,3,4,4,5,5,4,4,5,4,3,4,4,4,5,5,4,5,4,3.667,4.5,3.8,4.6,3,0.833
T12,중견,3,2,4,3,4,3,4,4,4,5,3,4,2,3,3,2,3,2,3,4,2,4,3.167,4.0,2.6,3.0,5,0.833
T13,중견,2,2,2,4,2,3,4,2,3,3,3,4,4,3,2,3,3,3,3,3,3,4,2.5,3.167,3.0,3.2,2,0.667
T14,중견,4,2,2,4,3,4,3,2,2,3,3,3,4,3,2,3,3,2,4,3,4,2,3.167,2.667,3.0,3.0,1,-0.5
T15,중견,3,4,4,4,3,4,5,5,4,5,4,3,3,2,4,3,3,4,4,4,4,4,3.667,4.333,3.0,4.0,5,0.666
T16,중견,3,3,2,2,3,3,3,3,4,5,4,5,3,3,3,3,2,4,4,3,4,4,2.667,4.0,2.8,3.8,7,1.333
T17,중견,5,3,3,5,4,3,5,5,5,4,4,4,4,4,4,4,4,4,4,5,4,4,3.833,4.5,4.0,4.2,5,0.667
T18,중견,2,2,2,2,2,3,4,4,4,3,4,3,2,2,2,3,1,4,3,5,4,4,2.167,3.667,2.0,4.0,5,1.5
T19,중견,4,4,4,3,3,4,3,5,4,3,4,4,3,3,2,4,4,3,4,5,4,3,3.667,3.833,3.2,3.8,2,0.166
T20,중견,3,4,3,3,3,3,4,4,5,5,5,5,3,3,4,4,4,5,5,5,5,5,3.167,4.667,3.6,5.0,8,1.5
T21,중견,2,3,2,3,3,3,3,4,4,4,2,3,2,2,4,3,3,4,4,3,3,3,2.667,3.333,2.8,3.4,4,0.666
T22,중견,5,3,3,4,3,4,5,4,3,4,3,4,3,3,2,4,3,4,4,3,3,3,3.667,3.833,3.0,3.4,5,0.166
T23,원숙,4,4,4,4,3,4,3,3,3,4,4,4,3,5,4,4,4,5,4,2,4,4,3.833,3.5,4.0,3.8,2,-0.333
T24,원숙,4,4,4,4,4,4,4,5,3,4,4,4,5,4,3,5,4,5,5,4,4,4,4.0,4.0,4.2,4.4,3,0.0
T25,원숙,3,3,3,3,2,3,3,3,3,4,2,3,3,2,2,3,2,3,4,3,3,3,2.833,3.0,2.4,3.2,6,0.167
T26,원숙,3,3,2,4,3,3,3,4,3,3,3,4,3,2,3,3,3,3,4,5,3,3,3.0,3.333,2.8,3.6,6,0.333
T27,원숙,4,3,4,4,4,4,5,4,5,3,5,4,5,3,4,4,4,4,4,4,5,5,3.833,4.333,4.0,4.4,3,0.5
T28,원숙,3,3,2,2,3,3,3,2,3,3,3,3,3,4,3,3,3,2,3,3,3,3,2.667,2.833,3.2,2.8,1,0.166
T29,원숙,3,3,2,3,2,3,3,3,4,3,3,2,2,3,3,3,3,4,4,4,3,4,2.667,3.0,2.8,3.8,3,0.333
T30,원숙,2,2,4,3,3,3,4,5,4,5,4,4,3,3,4,2,3,3,4,4,4,4,2.833,4.333,3.0,3.8,4,1.5
T31,원숙,4,3,3,3,4,3,3,5,4,4,4,3,2,3,2,4,3,4,4,4,4,4,3.333,3.833,2.8,4.0,5,0.5
T32,원숙,3,4,3,3,3,3,5,5,5,5,3,5,3,3,4,4,3,3,3,4,5,5,3.167,4.667,3.4,4.0,4,1.5
