학기,평정자1,평정자2
1학기,2,2
1학기,2,2
1학기,3,3
1학기,2,2
1학기,2,2
1학기,2,2
1학기,1,1
1학기,2,2
1학기,2,3
1학기,2,2
1학기,1,1
1학기,1,1
1학기,1,1
1학기,2,2
1학기,2,2
1학기,1,1
1학기,3,3
1학기,3,3
1학기,2,3
1학기,2,2
1학기,1,1
1학기,1,1
1학기,2,1
1학기,1,1
1학기,1,1
1학기,1,1
1학기,1,1
1학기,2,2
1학기,2,2
1학기,2,2
1학기,2,2
1학기,2,2
1학기,2,2
1학기,2,2
1학기,2,1
1학기,1,1
1학기,3,3
1학기,3,3
1학기,2,2
1학기,2,2
1학기,1,2
1학기,1,1
1학기,1,1
1학기,1,1
1학기,2,2
1학기,2,2
1학기,2,3
1학기,2,2
1학기,3,3
1학기,2,2
1학기,1,1
1학기,1,1
1학기,3,3
1학기,2,1
1학기,3,3
1학기,2,2
1학기,1,1
1학기,2,2
1학기,2,2
1학기,1,1
1학기,1,1
1학기,1,1
1학기,3,3
1학기,2,2
1학기,1,1
1학기,1,1
1학기,1,1
1학기,1,1
1학기,2,2
1학기,1,1
1학기,2,2
1학기,2,2
1학기,1,1
1학기,2,2
1학기,1,1
1학기,2,2
1학기,1,1
1학기,2,2
1학기,1,1
1학기,1,1
1학기,3,3
1학기,2,2
1학기,1,2
1학기,3,3
1학기,1,1
1학기,2,2
1학기,2,1
1학기,2,2
1학기,1,1
1학기,3,3
1학기,1,1
1학기,1,1
1학기,2,2
1학기,1,1
1학기,1,1
1학기,1,1
1학기,1,1
1학기,2,2
1학기,1,1
1학기,2,2
1학기,2,2
1학기,2,3
1학기,3,3
1학기,2,2
1학기,2,2
1학기,3,3
1학기,1,1
1학기,1,1
1학기,3,3
1학기,2,2
1학기,1,1
1학기,1,1
1학기,2,2
1학기,3,3
1학기,1,1
1학기,3,3
1학기,3,3
1학기,2,2
1학기,2,1
1학기,1,1
1학기,1,1
1학기,3,3
1학기,1,1
1학기,2,2
1학기,1,1
1학기,2,2
1학기,2,2
1학기,1,1
1학기,1,1
1학기,2,2
1학기,1,1
1학기,1,1
1학기,2,2
1학기,2,2
1학기,2,2
1학기,1,1
1학기,3,3
1학기,1,1
1학기,1,1
1학기,1,1
1학기,2,2
1학기,1,2
1학기,1,1
1학기,2,2
1학기,2,2
1학기,1,1
1학기,2,2
1학기,3,3
1학기,3,3
1학기,2,2
1학기,2,2
1학기,2,1
1학기,1,2
1학기,1,1
1학기,1,1
1학기,3,3
1학기,2,2
1학기,3,3
1학기,1,1
1학기,2,2
2학기,2,2
2학기,3,3
2학기,2,2
2학기,3,3
2학기,1,1
2학기,2,3
2학기,3,3
2학기,3,3
2학기,3,3
2학기,3,3
2학기,3,3
2학기,3,2
2학기,2,2
2학기,3,3
2학기,3,2
2학기,3,3
2학기,2,2
2학기,3,3
2학기,3,3
2학기,2,2
2학기,3,3
2학기,2,2
2학기,2,2
2학기,3,3
2학기,1,1
2학기,3,3
2학기,3,3
2학기,3,3
2학기,3,3
2학기,2,2
2학기,3,3
2학기,2,2
2학기,2,2
2학기,3,3
2학기,1,1
2학기,3,3
2학기,1,1
2학기,3,3
2학기,2,3
2학기,2,2
2학기,3,3
2학기,2,2
2학기,3,3
2학기,3,3
2학기,2,2
2학기,1,1
2학기,2,2
2학기,3,3
2학기,2,2
2학기,2,3
2학기,3,3
2학기,3,3
2학기,2,2
2학기,3,3
2학기,2,2
2학기,3,3
2학기,2,2
2학기,2,2
2학기,3,3
2학기,3,3
2학기,3,3
2학기,2,2
2학기,2,2
2학기,2,2
2학기,2,2
2학기,2,2
2학기,3,3
2학기,3,3
2학기,3,3
2학기,3,3
2학기,2,1
2학기,2,1
2학기,2,2
2학기,2,2
2학기,2,2
2학기,2,2
2학기,3,3
2학기,2,2
2학기,2,2
2학기,3,3
2학기,3,3
2학기,2,2
2학기,1,1
2학기,1,1
2학기,3,3
2학기,1,1
2학기,3,3
2학기,2,2
2학기,2,3
2학기,3,3
2학기,1,1
2학기,2,2
2학기,2,3
2학기,1,1
2학기,3,3
2학기,2,2
2학기,2,2
2학기,1,1
2학기,3,3
2학기,2,2
2학기,3,2
2학기,3,2
2학기,3,3
2학기,3,3
2학기,3,3
2학기,2,2
2학기,2,2
2학기,2,2
2학기,1,1
2학기,2,2
2학기,3,2
2학기,2,2
2학기,2,2
2학기,2,2
2학기,3,3
2학기,2,2
2학기,3,3
2학기,3,3
2학기,2,2
2학기,3,3
2학기,3,3
2학기,1,1
2학기,3,3
2학기,3,3
2학기,2,2
2학기,2,2
2학기,3,3
2학기,3,3
2학기,2,2
2학기,2,2
2학기,3,3
2학기,3,3
2학기,3,3
2학기,2,2
2학기,3,3
2학기,2,2
2학기,3,3
2학기,3,3
2학기,3,3
2학기,3,3
2학기,2,2
2학기,3,3
2학기,3,3
2학기,3,3
2학기,2,2
2학기,3,3
2학기,2,2
2학기,3,2
2학기,3,3
2학기,2,2
2학기,1,1
2학기,2,2
2학기,2,1
2학기,3,3
2학기,2,2
2학기,1,1
2학기,3,3
2학기,1,1
2학기,3,3
2학기,2,3
