시점,수업참여인식
4월,2.19
4월,3.07
4월,3.41
4월,2.58
4월,2.13
4월,2.82
4월,3.12
4월,3.46
4월,2.19
4월,2.15
4월,3.25
4월,3.12
4월,3.7
4월,3.4
4월,2.8
4월,2.71
4월,4
4월,2.7
4월,2.43
4월,2.23
4월,2.91
4월,2.94
4월,2.67
4월,2.83
4월,3.01
4월,3.24
4월,3.46
4월,2.98
4월,1.88
4월,3.25
4월,2.08
4월,2.77
4월,2.05
4월,2.86
4월,2.43
4월,2.98
4월,4
4월,2.83
4월,3.32
4월,2.13
4월,2.7
4월,3.22
4월,2.81
4월,3.06
4월,2.92
4월,2.31
4월,3.17
4월,2.41
4월,3.89
4월,2.58
4월,3.24
4월,2.86
4월,3.38
4월,2.53
4월,3.41
4월,2.79
4월,3.55
4월,3.2
4월,2.94
4월,2.43
4월,3.28
4월,3.12
4월,3.76
4월,2.65
4월,3.17
4월,3.14
4월,3.02
4월,2.97
4월,2.96
4월,2.53
4월,2.3
4월,2.64
4월,3.18
4월,3.69
4월,3.4
4월,3.44
4월,3.29
4월,3.24
4월,2.96
4월,3.28
4월,3.84
4월,2.68
4월,2.48
4월,3.94
4월,2.99
4월,3.39
4월,3.34
4월,2.24
4월,4
4월,3.84
4월,2.96
4월,3.27
4월,2.93
4월,2.37
4월,2.8
4월,3.07
4월,3.47
4월,3.25
4월,2.89
4월,3.61
4월,2.44
4월,3.3
4월,3.47
4월,2.7
4월,1.88
4월,2.36
4월,2.99
4월,3.15
4월,3.71
4월,2.31
4월,2.86
4월,3.22
4월,2.77
4월,1.56
4월,3.3
4월,4
4월,3.41
4월,2.36
4월,2.63
4월,2.98
4월,4
4월,3.2
4월,2.92
4월,3.72
4월,2.82
4월,3.88
4월,2.48
4월,2.6
4월,3.26
4월,3.64
4월,3.22
4월,3.03
4월,1.86
4월,2.47
4월,2.52
4월,2.57
4월,3.18
4월,2.68
4월,3.29
4월,2.91
4월,2.68
4월,2.92
4월,3.1
4월,3.33
4월,2.6
4월,2.73
4월,2.11
4월,3.74
4월,3.66
4월,2.76
4월,2.6
4월,2.18
4월,2.95
4월,2.97
4월,4
4월,3.0
4월,2.43
4월,1.52
4월,3.64
4월,2.96
4월,1.97
4월,2.96
4월,1.98
4월,4
4월,3.48
4월,3.17
4월,2.76
4월,1.68
4월,2.79
4월,2.0
4월,3.19
4월,1.68
4월,2.36
4월,3.53
4월,3.76
4월,2.21
4월,2.02
4월,3.34
4월,3.33
4월,2.32
4월,2.48
4월,2.48
4월,2.21
4월,2.49
4월,3.55
4월,3.24
4월,3.99
4월,2.81
4월,2.79
4월,2.32
4월,2.79
4월,2.14
4월,1.88
4월,3.24
4월,3.65
4월,3.32
4월,3.59
4월,3.0
4월,2.46
4월,2.91
4월,2.65
4월,2.25
4월,1.93
4월,2.04
4월,2.86
4월,2.94
4월,2.6
4월,3.65
4월,2.96
4월,3.18
4월,3.53
4월,2.41
4월,1.78
4월,3.27
4월,2.48
4월,3.58
4월,3.05
4월,3.41
4월,3.28
4월,1.72
4월,3.26
4월,2.49
4월,2.44
4월,2.62
4월,3.28
4월,3.35
4월,3.42
4월,1.95
4월,2.54
4월,1.55
4월,2.8
4월,3.19
4월,2.44
4월,2.99
4월,2.99
4월,3.41
4월,2.41
4월,2.4
4월,2.44
4월,3.82
4월,3.46
4월,2.79
4월,2.98
4월,2.92
4월,2.97
4월,2.75
4월,2.68
4월,2.17
4월,2.51
4월,3.77
4월,3.16
4월,2.9
4월,2.74
4월,2.89
4월,3.05
4월,2.5
4월,2.97
4월,2.99
4월,2.45
4월,2.43
4월,2.31
4월,2.28
4월,3.35
4월,1.56
4월,2.71
4월,2.52
4월,2.52
4월,2.91
4월,3.48
4월,2.9
4월,2.78
4월,2.52
4월,2.79
4월,3.36
4월,2.64
4월,2.23
4월,2.16
4월,2.25
4월,2.1
4월,3.46
4월,3.06
4월,2.73
4월,3.66
4월,2.5
4월,3.27
4월,3.3
4월,2.01
4월,2.0
4월,2.35
4월,3.36
4월,3.57
4월,2.18
4월,3.44
4월,2.65
4월,2.64
4월,2.56
4월,2.68
4월,1.86
4월,2.31
4월,2.18
4월,3.13
4월,4
4월,4
4월,2.67
4월,1.91
4월,2.64
4월,2.34
4월,3.95
4월,3.17
4월,2.46
4월,3.37
4월,3.15
4월,1.97
4월,2.57
4월,2.73
4월,2.87
4월,2.93
4월,2.67
4월,2.96
4월,2.54
4월,2.37
4월,3.69
4월,3.06
4월,3.1
4월,1.98
4월,2.77
4월,3.31
4월,2.15
4월,3.46
4월,2.65
4월,3.08
4월,2.79
4월,2.98
4월,3.52
4월,2.64
4월,3.72
4월,2.43
4월,2.35
4월,3.25
4월,2.27
4월,2.66
4월,3.36
4월,3.53
4월,1.88
4월,3.14
4월,3.9
4월,3.52
4월,2.73
4월,2.53
4월,2.7
4월,2.23
4월,2.71
4월,2.76
4월,2.78
4월,3.51
4월,2.73
4월,2.06
4월,3.44
4월,2.27
4월,2.61
4월,2.79
4월,2.67
4월,2.31
4월,2.72
4월,4
4월,2.53
4월,2.79
4월,3.48
4월,3.27
4월,3.28
4월,3.33
4월,1.78
4월,2.38
4월,2.93
4월,3.13
4월,3.57
4월,3.12
4월,2.73
4월,2.88
4월,2.74
4월,3.0
4월,3.23
4월,2.67
4월,2.41
4월,2.39
4월,3.46
4월,3.56
4월,3.41
4월,3.33
4월,3.32
4월,2.86
4월,3.23
4월,2.28
4월,2.75
4월,2.46
4월,3.26
4월,2.54
4월,2.8
4월,3.08
4월,3.61
4월,2.42
4월,2.34
4월,3.31
4월,2.25
4월,3.11
4월,2.55
4월,2.8
4월,1.86
4월,3.25
4월,2.58
4월,2.37
4월,4
4월,3.25
4월,4
4월,3.08
4월,2.67
4월,2.92
4월,3.74
4월,2.85
4월,3.11
4월,3.14
4월,2.36
4월,2.93
4월,2.58
4월,2.17
4월,3.34
4월,3.23
4월,2.9
4월,2.36
4월,1.76
4월,3.13
4월,2.81
4월,1.93
4월,2.83
4월,2.02
4월,2.85
4월,2.94
4월,3.06
4월,2.98
4월,2.95
4월,2.23
4월,2.65
4월,2.58
4월,2.73
4월,3.01
4월,3.2
4월,3.76
4월,1.45
4월,3.08
4월,2.75
4월,4
4월,3.37
4월,1.95
4월,3.08
4월,2.57
4월,3.41
4월,2.28
4월,2.8
4월,2.79
4월,2.81
4월,2.54
4월,1.85
4월,3.11
4월,3.41
4월,2.82
4월,2.3
4월,2.97
4월,3.17
4월,2.76
4월,2.85
4월,3.63
4월,2.24
4월,2.55
4월,1.81
4월,2.48
4월,2.45
4월,2.33
4월,2.48
4월,3.85
4월,2.75
4월,2.8
4월,4
4월,2.83
4월,1.91
4월,3.08
4월,2.34
4월,3.76
4월,2.17
4월,2.54
4월,1.98
4월,2.91
4월,2.3
4월,2.82
4월,2.65
4월,2.52
4월,3.38
4월,3.37
4월,2.89
4월,2.36
4월,2.27
4월,3.01
4월,4
4월,2.61
4월,2.43
4월,2.48
4월,2.26
4월,2.33
4월,2.75
4월,3.65
4월,2.86
4월,2.58
4월,1.97
10월,3.14
10월,3.02
10월,2.39
10월,2.46
10월,3.01
10월,3.56
10월,3.36
10월,3.14
10월,2.86
10월,3.2
10월,3.02
10월,4
10월,2.44
10월,2.84
10월,3.69
10월,2.89
10월,3.77
10월,3.01
10월,3.11
10월,2.84
10월,2.31
10월,2.53
10월,4
10월,3.37
10월,3.35
10월,3.53
10월,3.33
10월,3.56
10월,2.89
10월,2.91
10월,3.54
10월,2.85
10월,2.34
10월,2.91
10월,2.75
10월,3.35
10월,2.66
10월,2.48
10월,2.86
10월,3.84
10월,3.01
10월,3.11
10월,3.03
10월,3.18
10월,3.51
10월,3.76
10월,2.17
10월,3.74
10월,3.03
10월,2.86
10월,4
10월,2.94
10월,4
10월,3.53
10월,2.49
10월,3.28
10월,3.41
10월,2.96
10월,1.82
10월,2.85
10월,2.93
10월,2.45
10월,3.98
10월,2.9
10월,2.83
10월,2.87
10월,2.62
10월,2.63
10월,3.08
10월,3.19
10월,2.77
10월,2.98
10월,2.31
10월,3.3
10월,2.64
10월,3.14
10월,2.56
10월,2.76
10월,3.14
10월,2.4
10월,4
10월,3.01
10월,2.99
10월,2.65
10월,3.86
10월,3.75
10월,3.19
10월,2.32
10월,2.77
10월,3.35
10월,2.76
10월,2.41
10월,2.41
10월,2.63
10월,3.04
10월,2.69
10월,3.04
10월,4
10월,3.95
10월,2.49
10월,3.21
10월,3.08
10월,2.96
10월,3.57
10월,2.86
10월,2.86
10월,2.84
10월,2.98
10월,3.7
10월,3.43
10월,2.33
10월,2.8
10월,2.62
10월,3.45
10월,3.15
10월,3.49
10월,3.0
10월,2.04
10월,3.26
10월,3.15
10월,3.29
10월,2.35
10월,3.07
10월,2.67
10월,2.67
10월,3.21
10월,3.21
10월,2.57
10월,2.14
10월,1.74
10월,2.73
10월,3.61
10월,3.0
10월,1.86
10월,2.58
10월,3.25
10월,3.9
10월,3.64
10월,3.22
10월,3.13
10월,2.48
10월,2.79
10월,2.86
10월,2.63
10월,3.06
10월,2.83
10월,3.21
10월,3.78
10월,3.42
10월,3.25
10월,2.9
10월,2.24
10월,2.97
10월,3.31
10월,2.51
10월,3.68
10월,2.86
10월,3.22
10월,2.86
10월,2.38
10월,4
10월,2.43
10월,3.51
10월,2.74
10월,3.18
10월,2.61
10월,2.81
10월,3.51
10월,4
10월,2.59
10월,3.04
10월,3.52
10월,2.7
10월,3.4
10월,2.62
10월,3.34
10월,3.26
10월,3.66
10월,3.22
10월,2.41
10월,3.38
10월,2.46
10월,3.42
10월,3.82
10월,3.34
10월,2.74
10월,3.65
10월,3.12
10월,2.38
10월,2.85
10월,3.77
10월,2.87
10월,3.09
10월,2.85
10월,2.15
10월,2.76
10월,3.22
10월,3.14
10월,2.94
10월,1.92
10월,3.67
10월,3.4
10월,3.56
10월,3.71
10월,2.8
10월,2.72
10월,3.19
10월,3.9
10월,2.15
10월,2.91
10월,2.66
10월,3.32
10월,3.79
10월,2.88
10월,2.38
10월,3.06
10월,2.88
10월,2.23
10월,3.49
10월,2.76
10월,3.39
10월,2.35
10월,3.6
10월,2.28
10월,3.58
10월,2.09
10월,3.75
10월,2.84
10월,2.22
10월,2.91
10월,3.21
10월,2.51
10월,2.77
10월,3.17
10월,2.94
10월,1.44
10월,2.81
10월,3.25
10월,3.18
10월,3.55
10월,2.67
10월,4
10월,3.45
10월,3.19
10월,3.59
10월,3.53
10월,3.08
10월,2.71
10월,3.56
10월,3.25
10월,2.05
10월,2.46
10월,3.27
10월,3.09
10월,3.18
10월,3.36
10월,3.11
10월,3.85
10월,2.72
10월,2.82
10월,3.2
10월,3.42
10월,3.44
10월,3.8
10월,2.78
10월,3.64
10월,3.27
10월,2.49
10월,2.96
10월,4
10월,3.44
10월,2.79
10월,1.78
10월,2.65
10월,2.66
10월,3.07
10월,4
10월,3.42
10월,3.19
10월,2.54
10월,2.41
10월,2.92
10월,2.79
10월,4
10월,2.82
10월,2.71
10월,3.62
10월,3.07
10월,2.39
10월,3.7
10월,2.87
10월,2.34
10월,3.2
10월,3.28
10월,2.85
10월,3.39
10월,3.46
10월,2.57
10월,1.96
10월,1.79
10월,2.96
10월,3.67
10월,3.55
10월,3.75
10월,4.0
10월,3.04
10월,3.58
10월,2.23
10월,3.39
10월,3.23
10월,2.98
10월,2.8
10월,2.45
10월,3.1
10월,3.69
10월,2.84
10월,3.31
10월,2.68
10월,3.16
10월,2.51
10월,3.23
10월,2.92
10월,3.19
10월,2.71
10월,2.42
10월,2.86
10월,3.57
10월,3.85
10월,2.86
10월,3.45
10월,3.42
10월,3.23
10월,2.22
10월,3.2
10월,2.53
10월,3.64
10월,3.44
10월,3.35
10월,1.71
10월,3.35
10월,3.39
10월,2.37
10월,3.53
10월,3.07
10월,2.93
10월,2.66
10월,2.5
10월,2.8
10월,4
10월,3.14
10월,3.14
10월,2.69
10월,2.71
10월,2.74
10월,2.57
10월,3.49
10월,2.89
10월,3.48
10월,2.43
10월,3.51
10월,3.02
10월,3.38
10월,2.98
10월,2.57
10월,3.66
10월,2.8
10월,2.95
10월,2.57
10월,3.14
10월,2.83
10월,3.18
10월,3.21
10월,2.67
10월,2.3
10월,3.26
10월,3.51
10월,3.39
10월,2.43
10월,3.34
10월,3.23
10월,3.18
10월,3.25
10월,2.86
10월,3.14
10월,3.51
10월,2.77
10월,2.28
10월,2.98
10월,3.13
10월,2.07
10월,2.68
10월,3.34
10월,2.95
10월,3.08
10월,2.38
10월,3.5
10월,3.94
10월,2.93
10월,2.65
10월,2.43
10월,3.49
10월,3.08
10월,2.62
10월,3.66
10월,3.43
10월,3.34
10월,2.11
10월,2.98
10월,3.36
10월,2.39
10월,3.51
10월,3.77
10월,3.57
10월,2.65
10월,2.66
10월,3.52
10월,3.55
10월,3.67
10월,3.65
10월,2.98
10월,2.82
10월,2.07
10월,3.44
10월,4
10월,2.79
10월,2.78
10월,3.37
10월,3.22
10월,2.32
10월,2.66
10월,2.46
10월,4
10월,2.66
10월,3.47
10월,4
10월,4
10월,3.77
10월,3.88
10월,2.39
10월,2.85
10월,2.65
10월,2.88
10월,4
10월,2.16
10월,3.32
10월,2.39
10월,3.73
10월,3.71
10월,2.76
10월,4
10월,3.07
10월,3.71
10월,3.19
10월,2.74
10월,2.83
10월,2.97
10월,3.35
10월,3.1
10월,4
10월,2.93
10월,2.79
10월,2.66
10월,2.63
10월,2.28
10월,2.52
10월,3.5
10월,3.06
10월,2.94
10월,3.21
10월,3.59
10월,3.35
10월,3.43
10월,2.74
10월,2.89
10월,2.63
10월,2.98
10월,2.6
10월,2.84
10월,2.94
10월,2.92
10월,2.89
10월,2.77
10월,3.71
10월,2.85
10월,2.5
10월,3.13
10월,2.46
10월,2.47
10월,3.07
10월,2.16
10월,1.36
10월,3.18
10월,3.57
10월,2.16
10월,2.56
10월,3.33
10월,2.0
10월,2.58
